Subject	Object	Relation	Label	Origin_Relation	Cluster
McCafé	Richard_and_Maurice_McDonald	foundedBy	1	No	3
Mount_Carmel_High_School_(Houston)	Carmelites	foundedBy	1	No	4
Bedford_Girls'_School	Harpur_Trust	foundedBy	1	No	4
Elevation_Partners	Roger_McNamee	foundedBy	1	No	3
St._Anne_School_(Columbus,_Georgia)	Sisters_of_Mercy	foundedBy	1	No	4
Isramco	Armand_Hammer	foundedBy	1	No	3
Subway_(restaurant)	Peter_Buck_(restaurateur)	foundedBy	1	No	3
CrossGen	Mark_Alessi	foundedBy	1	No	3
United_States_Cartridge_Company	Benjamin_Butler_(politician)	foundedBy	1	No	3
Fueled_by_Ramen	Vinnie_Fiorello	foundedBy	1	No	3
Partnership_for_Environmental_Education,_Inc	Jupiter_Environmental_Research_and_Field_Studies_Academy	foundedBy	1	No	4
Dodge	Horace_Elgin_Dodge	foundedBy	1	No	3
James_Allen's_Girls'_School	Dulwich_College	foundedBy	1	No	4
Haight_Ashbury_Free_Clinics	David_E._Smith	foundedBy	1	No	3
Elliott_Management_Corporation	Paul_Singer_(businessman)	foundedBy	1	No	3
The_Blackstone_Group	Stephen_A._Schwarzman	foundedBy	1	No	3
St_Leonards_School	University_of_St_Andrews	foundedBy	1	No	4
NationalField	Aharon_Wasserman	foundedBy	1	No	3
Delage	Louis_Delâge	foundedBy	1	No	3
Electron_Technologies,_Inc.	Howard_Hughes	foundedBy	1	No	3
Chase_Aircraft	Michael_Stroukoff	foundedBy	1	No	3
Mount_de_Sales_Academy_(Georgia)	Sisters_of_Mercy	foundedBy	1	No	4
Brighton_and_Hove_High_School	Girls'_Day_School_Trust	foundedBy	1	No	4
United_Plankton_Pictures	Stephen_Hillenburg	foundedBy	1	No	3
Abercrombie_&_Fitch	David_T._Abercrombie	foundedBy	1	No	3
Cubic_Corporation	Walter_J._Zable	foundedBy	1	No	3
Shardlow_Hall_(school)	Bertie_Corbett	foundedBy	1	No	4
E._W._Bliss_Company	Eliphalet_Williams_Bliss	foundedBy	1	No	3
St_John's_RC_High_School	Marist_Brothers	foundedBy	1	No	4
Goldman_Sachs	Marcus_Goldman	foundedBy	1	No	3
Kaiser_Permanente	Henry_J._Kaiser	foundedBy	1	No	3
Assumption_College,_Warwick	Congregation_of_Christian_Brothers	foundedBy	1	No	4
23andMe	Anne_Wojcicki	foundedBy	1	No	3
Fleer	Frank_H._Fleer	foundedBy	1	No	3
Curvve_Recordings	Vinny_Troia	foundedBy	1	No	3
Lambeth_Academy	Department_for_Education_and_Skills_(United_Kingdom)	foundedBy	1	No	4
Event_Comics	Jimmy_Palmiotti	foundedBy	1	No	3
Primrose_Hill_Productions	Bruno_Heller	foundedBy	1	No	3
Scotus_Academy	Congregation_of_Christian_Brothers	foundedBy	1	No	4
WeGrow_Store	Dhar_Mann	foundedBy	1	No	3
Smith_Corona	Lyman_Cornelius_Smith	foundedBy	1	No	3
Illegal_Art	Philo_Farnsworth	foundedBy	1	No	3
Harpur_Trust	William_Harpur	foundedBy	1	No	4
Irving_Place_Capital	John_D._Howard	foundedBy	1	No	3
Amoco	John_D._Rockefeller	foundedBy	1	No	3
Standard_Steel_Casting_Company	John_Roach	foundedBy	1	No	3
Lightyear_Capital	Donald_Marron	foundedBy	1	No	3
Sophia_Fukuoka_Junior_and_Senior_High_School	Society_of_Jesus	foundedBy	1	No	4
Cablevision	Charles_Dolan	foundedBy	1	No	3
American_Income_Life_Insurance_Company	Bernard_Rapoport	foundedBy	1	No	3
Landmark_Media_Enterprises	Frank_Batten	foundedBy	1	No	3
NationalField	Justin_Lewis_(entrepreneur)	foundedBy	1	No	3
St._Michael's_College_National_School,_Batticaloa	Society_of_Jesus	foundedBy	1	No	4
Broad_and_Cassel	Shepard_Broad	foundedBy	1	No	3
IIUI_Schools	International_Islamic_University,_Islamabad	foundedBy	1	No	4
Combination_Steel_and_Iron_Company	John_Roach	foundedBy	1	No	3
Bain_Capital	Eric_Kriss	foundedBy	1	No	3
Target_Corporation	George_Dayton	foundedBy	1	No	3
Johnson_Publishing_Company	John_H._Johnson	foundedBy	1	No	3
Colegio_Nacional_de_Buenos_Aires	Society_of_Jesus	foundedBy	1	No	4
Maker_Studios	Lisa_Donovan	foundedBy	1	No	3
The_Home_Depot	Bernard_Marcus	foundedBy	1	No	3
Delaware_River_Iron_Ship_Building_and_Engine_Works	John_Roach	foundedBy	1	No	3
Kroger	Bernard_Kroger	foundedBy	1	No	3
Elevation_Partners	John_Riccitiello	foundedBy	1	No	3
Drudge_Report	Matt_Drudge	foundedBy	1	No	3
Booz_Allen_Hamilton	James_L._Allen	foundedBy	1	No	3
Toms_Shoes	Blake_Mycoskie	foundedBy	1	No	3
Holiday_Magic	William_Penn_Patrick	foundedBy	1	No	3
Our_Lady's_Convent_RC_High_School	Servite_Order	foundedBy	1	No	4
SCVNGR	Seth_Priebatsch	foundedBy	1	No	3
Warburg_Pincus	Lionel_Pincus	foundedBy	1	No	3
Franklin_(automobile)	Herbert_H._Franklin	foundedBy	1	No	3
Fueled_by_Ramen	John_Janick	foundedBy	1	No	3
Mount_Saint_Joseph_Academy_(Flourtown,_Pennsylvania)	Sisters_of_St._Joseph	foundedBy	1	No	4
St._Joseph's_College,_Calcutta	Congregation_of_Christian_Brothers	foundedBy	1	No	4
The_Gores_Group	Alec_Gores	foundedBy	1	No	3
Delmark_Records	Bob_Koester	foundedBy	1	No	3
Apple_Comics	Michael_Catron	foundedBy	1	No	3
Edison_Records	Thomas_Edison	foundedBy	1	No	3
LLamasoft	Donald_Hicks	foundedBy	1	No	3
Positronic_(company)	Jack_Gentry_(entrepreneur)	foundedBy	1	No	3
Teach_First	Brett_Wigdortz	foundedBy	1	No	3
Leadership_Dynamics	William_Penn_Patrick	foundedBy	1	No	3
Bloomberg_L.P.	Thomas_Secunda	foundedBy	1	No	3
Korea_Hydro_&_Nuclear_Power	Korea_Electric_Power_Corporation	foundedBy	1	No	4
Greenlight_Capital	David_Einhorn_(hedge_fund_manager)	foundedBy	1	No	3
Boeing_Commercial_Airplanes	William_Boeing	foundedBy	1	No	3
Thomas_H._Lee_Partners	Thomas_H._Lee_(businessman)	foundedBy	1	No	3
Notre_Dame_High_School_(Southwark)	Sisters_of_Notre_Dame_de_Namur	foundedBy	1	No	4
Elevation_Partners	Bono	foundedBy	1	No	3
Atlas_Media_Corp.	Bruce_David_Klein	foundedBy	1	No	3
Marist_Brothers_Secondary_School_Dete,_Zimbabwe	Marist_Brothers	foundedBy	1	No	4
Mercy_High_School_(Red_Bluff,_California)	Sisters_of_Mercy	foundedBy	1	No	4
Ilitch_Holdings	Mike_Ilitch	foundedBy	1	No	3
Advance_Publications	Samuel_Irving_Newhouse,_Sr.	foundedBy	1	No	3
Melbourne_IT	University_of_Melbourne	foundedBy	1	No	4
23andMe	Linda_Avey	foundedBy	1	No	3
Hearsay_Social	Clara_Shih	foundedBy	1	No	3
Belfast_Royal_Academy	Doctor_of_Divinity	foundedBy	1	No	4
DuMont_Television_Network	Allen_B._DuMont	foundedBy	1	No	3
Weatherby	Roy_Weatherby	foundedBy	1	No	3
Johnson_Publishing_Company	Eunice_W._Johnson	foundedBy	1	No	3
Notre_Dame_High_School_for_Girls	Sisters_of_Notre_Dame_de_Namur	foundedBy	1	No	4
Bloomberg_L.P.	Charles_Zegar	foundedBy	1	No	3
Billionfold_Inc.	Butch_Hartman	foundedBy	1	No	3
Gauntlet_(body_piercing_studio)	Jim_Ward_(body_piercer)	foundedBy	1	No	3
NationalField	Edward_Saatchi	foundedBy	1	No	3
LevelUp	Seth_Priebatsch	foundedBy	1	No	3
Elevation_Partners	Fred_D._Anderson	foundedBy	1	No	3
Mount_Mercy_Academy_(Buffalo,_New_York)	Sisters_of_Mercy	foundedBy	1	No	4
Geek_&_Sundry	Felicia_Day	foundedBy	1	No	3
BlueLine	William_Bratton	foundedBy	1	No	3
Sopogy	Darren_Kimura	foundedBy	1	No	3
Kellenberg_Memorial_High_School	Society_of_Mary_(Marianists)	foundedBy	1	No	4
BlueLine	Jack_Weiss	foundedBy	1	No	3
Baupost_Group	Seth_Klarman	foundedBy	1	No	3
Maker_Studios	Philip_DeFranco	foundedBy	1	No	3
Boston_Properties	Mortimer_Zuckerman	foundedBy	1	No	3
Dodge	John_Francis_Dodge	foundedBy	1	No	3
Mount_St_Mary's_College	Society_of_Jesus	foundedBy	1	No	4
PepsiCo	Herman_Lay	foundedBy	1	No	3
Black_Sun_Press	Caresse_Crosby	foundedBy	1	No	3
Worth1000	Avi_Muchnick	foundedBy	1	No	3
Electronic_Theatre_Controls	Bill_Foster_(politician)	foundedBy	1	No	3
Sweet_Frog_-_Premium_Frozen_Yogurt	Derek_Cha	foundedBy	1	No	3
Razer_Inc	Min-Liang_Tan	foundedBy	1	No	3
Kaiser_Permanente	Sidney_Garfield	foundedBy	1	No	3
Chester_Pipe_and_Tube_Company	John_Roach	foundedBy	1	No	3
Maker_Studios	KassemG	foundedBy	1	No	3
McCafé	Ray_Kroc	foundedBy	1	No	3
Civitan_International	Courtney_Shropshire	foundedBy	1	No	3
Subway_(restaurant)	Fred_DeLuca	foundedBy	1	No	3
The_Belvedere_Academy	Girls'_Day_School_Trust	foundedBy	1	No	4
Operation_Prime_Time	Al_Masini	foundedBy	1	No	3
Bloomberg_Philanthropies	Michael_Bloomberg	foundedBy	1	No	3
Morgan_Schiff_&_Co.	Phillip_Ean_Cohen	foundedBy	1	No	3
Strikeforce_(mixed_martial_arts)	Scott_Coker	foundedBy	1	No	3
St_Margaret's_Convent,_Midhurst	Sisters_of_Mercy	foundedBy	1	No	4
Procter_&_Gamble	James_Gamble_(industrialist)	foundedBy	1	No	3
Oaktree_Capital_Management	Howard_Marks_(investor)	foundedBy	1	No	3
M5_Industries	Jamie_Hyneman	foundedBy	1	No	3
Barnett_Bank	Bion_Barnett	foundedBy	1	No	3
Kaiser_Broadcasting	Henry_J._Kaiser	foundedBy	1	No	3
Zuffa	Frank_Fertitta_III	foundedBy	1	No	3
HDNet_Fights	Mark_Cuban	foundedBy	1	No	3
Hugh_Christie_Technology_College	Hugh_Christie	foundedBy	1	No	4
Stanford_Financial_Group	Allen_Stanford	foundedBy	1	No	3
Disney_Publishing_Worldwide	Michael_Lynton	foundedBy	1	No	3
Booz_Allen_Hamilton	Edwin_G._Booz	foundedBy	1	No	3
Circle_7_Animation	Michael_Eisner	foundedBy	1	No	3
Good_Sam_Enterprises	Stephen_Adams_(business)	foundedBy	1	No	3
George_Watson's_College	George_Watson_(accountant)	foundedBy	1	No	4
Formula_(boats)	Donald_Aronow	foundedBy	1	No	3
StockTwits	Howard_Lindzon	foundedBy	1	No	3
The_Peter_G._Peterson_Foundation	Peter_George_Peterson	foundedBy	1	No	3
Howard_Hughes_Medical_Institute	Howard_Hughes	foundedBy	1	No	3
Mandalay_Resort_Group	Jay_Sarno	foundedBy	1	No	3
The_Savior's_Alliance_for_Lifting_the_Truth	Christine_O'Donnell	foundedBy	1	No	3
Automatic_Electric	Almon_Brown_Strowger	foundedBy	1	No	3
AIA_Group_Limited	Cornelius_Vander_Starr	foundedBy	1	No	3
Chester_Rolling_Mill	John_Roach	foundedBy	1	No	3
St_Joseph's_College,_Geelong	Congregation_of_Christian_Brothers	foundedBy	1	No	4
Equity_Global_Management	Shelby_E._L._Pruett	foundedBy	1	No	3
Black_Sun_Press	Harry_Crosby	foundedBy	1	No	3
Walgreens	Charles_Rudolph_Walgreen	foundedBy	1	No	3
Chaotic_Moon_Studios	Whurley	foundedBy	1	No	3
Waterpark_College	Congregation_of_Christian_Brothers	foundedBy	1	No	4
Matrix_Partners	Paul_Ferri	foundedBy	1	No	3
CNS_Productions	William_Edgar_Cohen	foundedBy	1	No	3
BodyMedia	Astro_Teller	foundedBy	1	No	3
CACI	Harry_Markowitz	foundedBy	1	No	3
Operation_Fly,_Inc.	Timothy_Hwang	foundedBy	1	No	3
Greyston_Bakery	Tetsugen_Bernard_Glassman	foundedBy	1	No	3
De_La_Salle_College_(Malta)	Institute_of_the_Brothers_of_the_Christian_Schools	foundedBy	1	No	4
Goldman_Sachs	Samuel_Sachs	foundedBy	1	No	3
Dechert	Wayne_MacVeagh	foundedBy	1	No	3
FedEx	Frederick_W._Smith	foundedBy	1	No	3
Samaritan_Catholic_College	Marist_Brothers	foundedBy	1	No	4
Myspace	Chris_DeWolfe	foundedBy	1	No	3
Summer_Science_Program	The_Thacher_School	foundedBy	1	No	4
John_Roach_&_Sons	John_Roach	foundedBy	1	No	3
Warburg_Pincus	Eric_M._Warburg	foundedBy	1	No	3
St_Joseph's_Preparatory_School	Congregation_of_Christian_Brothers	foundedBy	1	No	4
DEFCAD	Cody_Wilson	foundedBy	1	No	3
Brandywine_Asset_Management	Michael_Dever	foundedBy	1	No	3
Haynes_International	Elwood_Haynes	foundedBy	1	No	3
Villa_Angela-St._Joseph_High_School	Society_of_Mary_(Marianists)	foundedBy	1	No	4
Vivid_Entertainment	Steven_Hirsch	foundedBy	1	No	3
Mind_Dynamics	Alexander_Everett	foundedBy	1	No	3
Little_Caesars	Marian_Ilitch	foundedBy	1	No	3
IBM_Internet_Security_Systems	Chris_Klaus	foundedBy	1	No	3
Colegio_San_José,_San_Germán,_PR	Order_of_Saint_Augustine	foundedBy	1	No	4
O'Connell_College_Preparatory_School	Dominican_High_School_(Galveston,_Texas)	foundedBy	1	No	4
LinkedIn	Reid_Hoffman	foundedBy	1	No	3
Planetary_Resources	Eric_C._Anderson	foundedBy	1	No	3
The_Blackstone_Group	Peter_George_Peterson	foundedBy	1	No	3
Creative_Coalition	Ron_Silver	foundedBy	1	No	3
Harold_K.L._Castle_Foundation	Harold_Kainalu_Long_Castle	foundedBy	1	No	3
JCI_London	Henry_Giessenbier	foundedBy	1	No	3
CBS_Records_(2006)	Leslie_Moonves	foundedBy	1	No	3
St._Anselm's_College	Congregation_of_Christian_Brothers	foundedBy	1	No	4
Christian_Brothers_College,_Bulawayo	Congregation_of_Christian_Brothers	foundedBy	1	No	4
Broad_and_Cassel	Alvin_Cassel	foundedBy	1	No	3
St_Patrick's_College,_Ballarat	Congregation_of_Christian_Brothers	foundedBy	1	No	4
Hassans	Joshua_Hassan	foundedBy	1	No	3
East_Catholic_High_School	Sisters_of_Notre_Dame_de_Namur	foundedBy	1	No	4
St._Mary_Catholic_Central_High_School	Sisters,_Servants_of_the_Immaculate_Heart_of_Mary	foundedBy	1	No	4
Good_Karma_Broadcasting	Craig_Karmazin	foundedBy	1	No	3
Spyglass,_Inc.	University_of_Illinois_at_Urbana–Champaign	foundedBy	1	No	4
Little_Caesars	Mike_Ilitch	foundedBy	1	No	3
Ilitch_Holdings	Marian_Ilitch	foundedBy	1	No	3
Teachinghistory.org	Roy_Rosenzweig_Center_for_History_and_New_Media	foundedBy	1	No	4
The_Inspiration_Networks	David_Cerullo	foundedBy	1	No	3
PepsiCo	Donald_M._Kendall	foundedBy	1	No	3
Paper_+_Plastick	Vinnie_Fiorello	foundedBy	1	No	3
R._J._Reynolds_Tobacco_Company	R._J._Reynolds	foundedBy	1	No	3
HealthCorps	Mehmet_Oz	foundedBy	1	No	3
Bain_Capital	Bill_Bain_(consultant)	foundedBy	1	No	3
The_Coca-Cola_Company	Asa_Griggs_Candler	foundedBy	1	No	3
The_Starr_Foundation	Cornelius_Vander_Starr	foundedBy	1	No	3
Stroukoff_Aircraft	Michael_Stroukoff	foundedBy	1	No	3
H._H._Franklin_Manufacturing_Company	Herbert_H._Franklin	foundedBy	1	No	3
KB_Home	Eli_Broad	foundedBy	1	No	3
Creative_Playthings	Frank_Caplan	foundedBy	1	No	3
Lee_Equity_Partners	Thomas_H._Lee_(businessman)	foundedBy	1	No	3
U.S.-Azerbaijan_Chamber_of_Commerce	James_Baker	foundedBy	1	No	3
Baldwin_Locomotive_Works	Matthias_W._Baldwin	foundedBy	1	No	3
Avista_Capital_Partners	Steven_Webster	foundedBy	1	No	3
Romano's_Macaroni_Grill	Phil_Romano	foundedBy	1	No	3
Birkenhead_High_School_Academy	Girls'_Day_School_Trust	foundedBy	1	No	4
Secondary_school_of_Lithuanian_University_of_Health_Sciences	Lithuanian_University_of_Health_Sciences	foundedBy	1	No	4
Zuffa	Lorenzo_Fertitta	foundedBy	1	No	3
St._Bernard's_High_School_(Eureka,_California)	Sisters_of_St._Joseph	foundedBy	1	No	4
Maker_Studios	Shay_Carl	foundedBy	1	No	3
Cuneo_Gilbert_&_LaDuca,_LLP	Jonathan_Cuneo	foundedBy	1	No	3
CNS_Productions	Paul_Steinbroner	foundedBy	1	No	3
Oaktree_Capital_Management	Bruce_Karsh	foundedBy	1	No	3
Abercrombie_&_Fitch	Ezra_Fitch	foundedBy	1	No	3
Bloomberg_L.P.	Michael_Bloomberg	foundedBy	1	No	3
Open_Garden	Stanislav_Shalunov	foundedBy	1	No	3
Elevation_Partners	Marc_Bodnick	foundedBy	1	No	3
St._Brendan's_College	Congregation_of_Christian_Brothers	foundedBy	1	No	4
Revelations_Entertainment	Morgan_Freeman	foundedBy	1	No	3
Quepasa	Jeffrey_Peterson	foundedBy	1	No	3
Yamasaki_&_Associates	Minoru_Yamasaki	foundedBy	1	No	3
Och-Ziff_Capital_Management	Daniel_Och	foundedBy	1	No	3
Bloomberg_L.P.	Duncan_MacMillan_(businessman)	foundedBy	1	No	3
CNS_Productions	Darryl_S._Inaba	foundedBy	1	No	3
Our_Lady_of_Nazareth_Academy_(Wakefield,_Massachusetts)	Sisters_of_Charity	foundedBy	1	No	4
Family_Radio	Harold_Camping	foundedBy	1	No	3
Golden_State_Mutual_Life_Insurance_Company	William_Nickerson,_Jr.	foundedBy	1	No	3
International_League_of_Humanists	Linus_Pauling	foundedBy	1	No	3
Haynes_Automobile_Company	Elwood_Haynes	foundedBy	1	No	3
Kaiser_Motors	Henry_J._Kaiser	foundedBy	1	No	3
Philippine_American_Life_and_General_Insurance_Company	Cornelius_Vander_Starr	foundedBy	1	No	3
St._Augustine's_College,_Yarraville	Congregation_of_Christian_Brothers	foundedBy	1	No	4
Dolby_Laboratories	Ray_Dolby	foundedBy	1	No	3
The_Pepsi_Bottling_Group	PepsiCo	foundedBy	1	No	3
Saint_Monica_Catholic_High_School	Sisters_of_the_Holy_Names_of_Jesus_and_Mary	foundedBy	1	No	4
The_Stone_Clinic	Kevin_R._Stone	foundedBy	1	No	3
Pandora_Radio	Tim_Westergren	foundedBy	1	No	3
Quadrangle_Group	Steven_Rattner	foundedBy	1	No	3
James_Allen's_Girls'_School	James_Allen_(educator)	foundedBy	1	No	4
Creative_Playthings	Theresa_Caplan	foundedBy	1	No	3
Hughes_Aircraft_Company	Howard_Hughes	foundedBy	1	No	3
Level_Plane_Records	Greg_Drudy	foundedBy	1	No	3
Augmentation_Research_Center	Douglas_Engelbart	foundedBy	1	No	3
Martha_Stewart_Living_Omnimedia	Martha_Stewart	foundedBy	1	No	3
Philadelphia_Savings_Fund_Society	Condy_Raguet	foundedBy	1	No	3
H._A._Moyer_(automobile)	Harvey_A._Moyer	foundedBy	1	No	3
Teach_For_America	Wendy_Kopp	foundedBy	1	No	3
Abingdon_School	Order_of_Saint_Benedict	foundedBy	1	No	4
Event_Comics	Joe_Quesada	foundedBy	1	No	3
Seton-La_Salle_Catholic_High_School	Sisters_of_Charity	foundedBy	1	No	4
Teach_For_All	Brett_Wigdortz	foundedBy	1	No	3
OSF_Healthcare	Third_Order_of_Saint_Francis	foundedBy	1	No	4
Westgate_Resorts	David_A._Siegel	foundedBy	1	No	3
St._Mary_Catholic_Central_High_School	Congregation_of_Holy_Cross	foundedBy	1	No	4
Profit_Investment_Management	Eugene_Profit	foundedBy	1	No	3
Planetary_Resources	Peter_Diamandis	foundedBy	1	No	3
American_International_Group	Cornelius_Vander_Starr	foundedBy	1	No	3
General_Electric	Thomas_Edison	foundedBy	1	No	3
Junior_Chamber_International	Henry_Giessenbier	foundedBy	1	No	3
Libertas_Institute	Connor_Boyack	foundedBy	1	No	3
Vuguru	Michael_Eisner	foundedBy	1	No	3
Bain_Capital	Mitt_Romney	foundedBy	1	No	3
IIUI_Schools_Okara_Campus	International_Islamic_University,_Islamabad	foundedBy	1	No	4
Dame_Alice_Harpur_School	Harpur_Trust	foundedBy	1	No	4
Boeing	William_Boeing	foundedBy	1	No	3
Hollywood_Records	Michael_Eisner	foundedBy	1	No	3
Teach_For_All	Wendy_Kopp	foundedBy	1	No	3
Disneyland_Paris	Michael_Eisner	foundedBy	1	No	3
Christian_Brothers_Academy_(Albany,_New_York)	Institute_of_the_Brothers_of_the_Christian_Schools	foundedBy	1	No	4
Alberto-Culver	Leonard_H._Lavin	foundedBy	1	No	3
Funimation	Gen_Fukunaga	foundedBy	1	No	3
Paychex	Tom_Golisano	foundedBy	1	No	3
Kaneohe_Ranch	Harold_Kainalu_Long_Castle	foundedBy	1	No	3
Georgia_Tech_Research_Institute	W._Harry_Vaughan	foundedBy	1	No	3
Procter_&_Gamble	William_Procter_(candlemaker)	foundedBy	1	No	3
East_Catholic_High_School	State_school	foundedBy	-1	rival,type	4
IBM_Internet_Security_Systems	Lorenzo_Zambrano	foundedBy	-1	parentCompany,(-1)board	3
Loyola_School_(New_York_City)	Society_of_Jesus	foundedBy	-1	religion	4
Saint_Clement_High_School_(Medford,_Massachusetts)	Sisters_of_St._Joseph	foundedBy	-1	religion	4
Bain_Capital	Margaret_Cruikshank	foundedBy	-1	location,(-1)stateOfOrigin	3
Christian_Brothers'_High_School,_Lewisham	Congregation_of_Christian_Brothers	foundedBy	-1	denomination	4
North_Catholic_High_School	Society_of_Mary_(Marianists)	foundedBy	-1	religion	4
Mind_Dynamics	Thos._E._Sherwood	foundedBy	-1	location,(-1)deathPlace	3
Dayton's	George_Dayton	foundedBy	-1	keyPerson	3
St_Mary's_Cathedral_College,_Sydney	Congregation_of_Christian_Brothers	foundedBy	-1	denomination	4
The_Blackstone_Group	Larry_Seabrook	foundedBy	-1	location,(-1)residence	3
Pacelli_High_School_(Columbus,_Georgia)	Sisters_of_St._Joseph	foundedBy	-1	superintendent	4
Chaminade_College_Preparatory_School_(California)	Society_of_Mary_(Marianists)	foundedBy	-1	religion	4
Motionloft	Mark_Cuban	foundedBy	-1	keyPerson	3
Brew_Keeper	John_D._Rockefeller	foundedBy	-1	location,(-1)restingPlace	3
Colegio_Cristo_Rey	Society_of_Jesus	foundedBy	-1	type	4
Bain_Capital	Jordan_Hitch	foundedBy	-1	keyPerson	3
Procter_&_Gamble	A.G._Lafley	foundedBy	-1	keyPerson	3
Kroger	Edmund_Graves_Brown	foundedBy	-1	regionServed,(-1)nationality	3
Brother_Rice_High_School_(Michigan)	Congregation_of_Christian_Brothers	foundedBy	-1	religion	4
St._Anselm's_Abbey_School	Order_of_Saint_Benedict	foundedBy	-1	president	4
The_Pepsi_Bottling_Group	Laidlaw	foundedBy	-1	locationCountry,(-1)locationCountry	3
Nudgee_Junior_College	Congregation_of_Christian_Brothers	foundedBy	-1	denomination	4
Mount_Carmel_High_School_(Chicago)	Carmelites	foundedBy	-1	president	4
Cascia_Hall_Preparatory_School	Order_of_Saint_Augustine	foundedBy	-1	religion	4
SteelPath	John_Roach	foundedBy	-1	locationCountry,(-1)nationality	3
CrossGen	Mark_Waid	foundedBy	-1	keyPerson	3
St_Joseph's_College,_Nudgee	Congregation_of_Christian_Brothers	foundedBy	-1	denomination	4
Abercrombie_&_Fitch	Mike_Jeffries_(CEO)	foundedBy	-1	division,keyPerson	3
East_Catholic_High_School	Ninth_grade	foundedBy	-1	(-1)rival,grades	4
Planetary_Resources	Sara_Seager	foundedBy	-1	keyPerson	3
Mercyhurst_Preparatory_School	Sisters_of_Mercy	foundedBy	-1	religion	4
St._Vincent's_High_School	Society_of_Jesus	foundedBy	-1	type	4
Mount_Sion_Primary_School	Congregation_of_Christian_Brothers	foundedBy	-1	religion	4
Georgia_Tech_Research_Institute	Gary_S._May	foundedBy	-1	parentCompany,(-1)almaMater	3
Christian_Brothers_Academy_(New_Jersey)	Institute_of_the_Brothers_of_the_Christian_Schools	foundedBy	-1	religion	4
Fleetwings	Henry_J._Kaiser	foundedBy	-1	parentCompany	3
St._Michael's_College_National_School,_Batticaloa	Ministry_of_Education_(Sri_Lanka)	foundedBy	-1	authority	4
Christian_Brothers_College,_Rose_Bay	Congregation_of_Christian_Brothers	foundedBy	-1	denomination	4
Notre_Dame_High_School_for_Girls	Parochialism	foundedBy	-1	type	4
St._Mary_Catholic_Central_High_School	Catholic_Church	foundedBy	-1	religion	4
Goldman_Sachs	Lloyd_Blankfein	foundedBy	-1	keyPerson	3
Lehman_Brothers	Peter_George_Peterson	foundedBy	-1	keyPerson	3
Creative_Coalition	Tim_Daly	foundedBy	-1	keyPerson	3
Maristes_Valldemia	Marist_Brothers	foundedBy	-1	religion	4
Academy_of_the_Holy_Names_(Albany,_New_York)	Sisters_of_the_Holy_Names_of_Jesus_and_Mary	foundedBy	-1	religion	4
Fontbonne_Academy	Sisters_of_St._Joseph	foundedBy	-1	religion	4
Archbishop_Chapelle_High_School	Sisters_of_Charity	foundedBy	-1	religion	4
Frito-Lay	PepsiCo	foundedBy	-1	parentCompany	3
Notre_Dame_High_School_for_Girls	Single-sex_education	foundedBy	-1	gender	4
Simple_Sugars	Mark_Cuban	foundedBy	-1	keyPerson	3
Planetary_Resources	James_Cameron	foundedBy	-1	keyPerson	3
Warburg_Pincus	Lawrence_Hilton-Jacobs	foundedBy	-1	location,(-1)birthPlace	3
Howard_Hughes_Medical_Institute	Robert_Tjian	foundedBy	-1	keyPerson	3
OSF_Healthcare	Nonprofit_organization	foundedBy	-1	type	4
St._Anne_School_(Columbus,_Georgia)	Christian_school	foundedBy	-1	religion	4
St._Mark's_High_School	Sisters,_Servants_of_the_Immaculate_Heart_of_Mary	foundedBy	-1	chaplain	4
Don_Bosco_Bandel	Marist_Brothers	foundedBy	-1	religion,(-1)type	4
East_Catholic_High_School	Greater_Hartford	foundedBy	-1	city,isPartOf	4
East_Catholic_High_School	Catholic_Church	foundedBy	-1	religion	4
Notre_Dame_High_School_(Lawrence,_Massachusetts)	Sisters_of_Notre_Dame_de_Namur	foundedBy	-1	president	4
Mount_Saint_Joseph_Academy_(Flourtown,_Pennsylvania)	Catholic_Church	foundedBy	-1	religion	4
La_Petite_Boulangerie	PepsiCo	foundedBy	-1	parentCompany	3
St._Catharine_Academy	Sisters_of_Mercy	foundedBy	-1	religion	4
Purcell_Marian_High_School	Sisters_of_Charity	foundedBy	-1	authority	4
East_Catholic_High_School	Catholic_school	foundedBy	-1	type	4
Quaker_Oats_Company	PepsiCo	foundedBy	-1	parentCompany	3
Mount_de_Sales_Academy_(Georgia)	Wrestling	foundedBy	-1	sport	4
Cobra_Records	Eunice_W._Johnson	foundedBy	-1	location,(-1)deathPlace	3
The_Cathedral_College,_Rockhampton	Congregation_of_Christian_Brothers	foundedBy	-1	denomination	4
Our_Lady_of_Nazareth_Academy_(Wakefield,_Massachusetts)	Catholic_Church	foundedBy	-1	religion	4
Highfields_Capital_Management	John_Roach	foundedBy	-1	locationCountry,(-1)stateOfOrigin	3
Immaculate_Heart_Central_High_School_(Watertown,_New_York)	Sisters_of_St._Joseph	foundedBy	-1	religion	4
Archbishop_Hoban_High_School	Congregation_of_Holy_Cross	foundedBy	-1	religion	4
McQuaid_Jesuit_High_School	Society_of_Jesus	foundedBy	-1	religion	4
Red_Bend_Catholic_College	Marist_Brothers	foundedBy	-1	denomination	4
Mercy_High_School_(Burlingame,_California)	Sisters_of_Mercy	foundedBy	-1	religion	4
ClickStar	Morgan_Freeman	foundedBy	-1	keyPerson	3
EDUN	Bono	foundedBy	-1	locationCountry,(-1)birthPlace	3
Mount_Mercy_Academy_(Buffalo,_New_York)	Ninth_grade	foundedBy	-1	grades	4
La_Salle_College_High_School	Institute_of_the_Brothers_of_the_Christian_Schools	foundedBy	-1	president	4
Laidlaw	John_Roach	foundedBy	-1	locationCountry,(-1)stateOfOrigin	3
Trinity_College,_Perth	Congregation_of_Christian_Brothers	foundedBy	-1	denomination	4
La_Salle_Academy	Institute_of_the_Brothers_of_the_Christian_Schools	foundedBy	-1	religion	4
Strategy&	Edwin_G._Booz	foundedBy	-1	foundationPlace	3
Purcell_Marian_High_School	Society_of_Mary_(Marianists)	foundedBy	-1	authority	4
De_La_Salle_Collegiate_High_School	Institute_of_the_Brothers_of_the_Christian_Schools	foundedBy	-1	religion	4
Notre_Dame_High_School_(Southwark)	Voluntary_aided_school	foundedBy	-1	type	4
Warburg_Pincus	Jennifer_Batten	foundedBy	-1	location,(-1)birthPlace	3
Bain_Capital	Joshua_Bekenstein	foundedBy	-1	keyPerson	3
Kaneva	Chris_Klaus	foundedBy	-1	keyPerson	3
St._Anne_School_(Columbus,_Georgia)	Private_school	foundedBy	-1	type	4
CrossGen	Barbara_Kesel	foundedBy	-1	keyPerson	3
Gilroy_Santa_Maria_College,_Ingham	Congregation_of_Christian_Brothers	foundedBy	-1	denomination	4
Our_Lady_of_Nazareth_Academy_(Wakefield,_Massachusetts)	Private_school	foundedBy	-1	type	4
St_Virgil's_College	Congregation_of_Christian_Brothers	foundedBy	-1	denomination	4
EZCorp	Phillip_Ean_Cohen	foundedBy	-1	keyPerson	3
St_Patrick's_College,_Gympie	Sisters_of_Mercy	foundedBy	-1	denomination	4
Notre_Dame_High_School_(Sherman_Oaks,_California)	Congregation_of_Holy_Cross	foundedBy	-1	religion	4
Franklin_(automobile)	John_Wilkinson_(Franklin_automobile)	foundedBy	-1	keyPerson	3
De_La_Salle_College_(Cronulla,_NSW)	Institute_of_the_Brothers_of_the_Christian_Schools	foundedBy	-1	denomination	4
Mercy_High_School_(Red_Bluff,_California)	Private_school	foundedBy	-1	type	4
Austin_Preparatory_School	Order_of_Saint_Augustine	foundedBy	-1	religion	4
Mount_de_Sales_Academy_(Georgia)	Sixth_grade	foundedBy	-1	grades	4
Planetary_Resources	Charles_Simonyi	foundedBy	-1	keyPerson	3
Mercy_High_School_(Red_Bluff,_California)	Ninth_grade	foundedBy	-1	grades	4
St._Peter's_Preparatory_School	Society_of_Jesus	foundedBy	-1	religion	4
Mount_Mercy_Academy_(Buffalo,_New_York)	Single-sex_education	foundedBy	-1	type	4
Bloomberg_L.P.	Peter_Grauer	foundedBy	-1	keyPerson	3
KB_Home	Jeffrey_T._Mezger	foundedBy	-1	keyPerson	3
St._Raymond_Academy	Sisters_of_Charity	foundedBy	-1	religion	4
Good_Sam_Enterprises	Marcus_Lemonis	foundedBy	-1	(-1)parentCompany,(-1)occupation	3
Morgan_Schiff_&_Co.	Sterling_Brinkley	foundedBy	-1	keyPerson	3
Belfast_Royal_Academy	Master_of_Arts_(Oxbridge_and_Dublin)	foundedBy	-1	head	4
Mount_Carmel_Academy_(Louisiana)	Carmelites	foundedBy	-1	religion	4
Zuffa	Bobby_Boyd	foundedBy	-1	locationCountry,(-1)birthPlace	3
Marist_High_School_(New_Jersey)	Marist_Brothers	foundedBy	-1	religion	4
St_Pius_X_College	Congregation_of_Christian_Brothers	foundedBy	-1	denomination	4
Crespi_Carmelite_High_School	Carmelites	foundedBy	-1	religion	4
The_Home_Depot	Frank_Blake	foundedBy	-1	keyPerson	3
Continua_Health_Alliance	John_Roach	foundedBy	-1	locationCountry,(-1)stateOfOrigin	3
Holy_Cross_of_San_Antonio	Congregation_of_Holy_Cross	foundedBy	-1	religion	4
Cheverus_High_School	Society_of_Jesus	foundedBy	-1	type	4
Champagnat_Catholic_College_Pagewood	Marist_Brothers	foundedBy	-1	denomination	4
Merchant_Warehouse	John_Roach	foundedBy	-1	locationCountry,(-1)stateOfOrigin	3
Colegio_San_Agustín_(Chile)	Order_of_Saint_Augustine	foundedBy	-1	religion	4
American_International_Group	Bob_Benmosche	foundedBy	-1	keyPerson	3
Valle_Catholic_High_School	Sisters_of_St._Joseph	foundedBy	-1	religion	4
Holy_Cross_High_School_(Queens)	Congregation_of_Holy_Cross	foundedBy	-1	religion	4
Assumption_College,_Kilmore	Marist_Brothers	foundedBy	-1	denomination	4
Good_Shepherd_Catholic_College,_Mount_Isa	Congregation_of_Christian_Brothers	foundedBy	-1	denomination	4
McGill-Toolen_Catholic_High_School	Marist_Brothers	foundedBy	-1	religion,(-1)type	4
Cuneo_Gilbert_&_LaDuca,_LLP	Charles_LaDuca	foundedBy	-1	keyPerson	3
Zuffa	Karl_Shapiro	foundedBy	-1	locationCountry,(-1)birthPlace	3
Calvert_Hall_College_High_School	Marist_Brothers	foundedBy	-1	religion,(-1)type	4
Kellenberg_Memorial_High_School	Mixed-sex_education	foundedBy	-1	type	4
Benedictine_Military_School	Order_of_Saint_Benedict	foundedBy	-1	religion	4
St._Mary_Catholic_Central_High_School	Ninth_grade	foundedBy	-1	grades	4
Leadership_Dynamics	Alexander_Everett	foundedBy	-1	genre,(-1)occupation	3
Stanford_Financial_Group	Laura_Pendergest-Holt	foundedBy	-1	keyPerson	3
Sabra_(company)	PepsiCo	foundedBy	-1	parentCompany	3
PepsiCo	Frank_Cooper_III	foundedBy	-1	(-1)employer	3
Vuguru	Larry_Tanz	foundedBy	-1	(-1)employer	3
The_Blackstone_Group	J._Tomilson_Hill	foundedBy	-1	keyPerson	3
Cuneo_Gilbert_&_LaDuca,_LLP	Pamela_Gilbert	foundedBy	-1	(-1)employer	3
Booz_Allen_Hamilton	John_Michael_McConnell	foundedBy	-1	keyPerson	3
Catherine_McAuley_High_School_(Brooklyn)	Sisters_of_Mercy	foundedBy	-1	religion	4
The_Academy_of_Our_Lady_of_Peace	Sisters_of_St._Joseph	foundedBy	-1	religion	4
OwnLocal	Philip_DeFranco	foundedBy	-1	foundationPlace,(-1)birthPlace	3
Saint_Francis_High_School_(Mountain_View)	Congregation_of_Holy_Cross	foundedBy	-1	authority	4
Mount_de_Sales_Academy_(Georgia)	Private_school	foundedBy	-1	type	4
Bishop_McDevitt_High_School_(Harrisburg,_Pennsylvania)	Sisters,_Servants_of_the_Immaculate_Heart_of_Mary	foundedBy	-1	head	4
De_La_Salle_College_Ashfield	Institute_of_the_Brothers_of_the_Christian_Schools	foundedBy	-1	denomination	4
St._Anne_School_(Columbus,_Georgia)	Mixed-sex_education	foundedBy	-1	type	4
World_Extreme_Cagefighting	Lorenzo_Fertitta	foundedBy	-1	(-1)subsidiary,foundedBy	3
St._Genevieve_High_School	Sisters_of_St._Joseph	foundedBy	-1	religion	4
Cristo_Rey_High_School_(Sacramento)	Sisters_of_Notre_Dame_de_Namur	foundedBy	-1	religion	4
Xavier_High_School_(New_York_City)	Society_of_Jesus	foundedBy	-1	religion	4
Abercrombie_&_Fitch	John_Roach	foundedBy	-1	locationCountry,(-1)stateOfOrigin	3
Canisius_High_School	Marist_Brothers	foundedBy	-1	religion,(-1)type	4
Mother_Seton_Regional_High_School	Sisters_of_Charity	foundedBy	-1	religion	4
Gauntlet_(body_piercing_studio)	Alan_Oversby	foundedBy	-1	industry,(-1)occupation	3
Seton-La_Salle_Catholic_High_School	Ninth_grade	foundedBy	-1	grades	4
CrossGen	Ron_Marz	foundedBy	-1	keyPerson	3
American_International_Group	Steve_Miller_(business)	foundedBy	-1	keyPerson	3
Regina_High_School_(Michigan)	Sisters_of_St._Joseph	foundedBy	-1	religion	4
Mount_de_Sales_Academy_(Georgia)	Catholic_Church	foundedBy	-1	religion	4
La_Consolacion_College–Bacolod	Order_of_Saint_Augustine	foundedBy	-1	affiliation	4
GM_Korea	Korea_Electric_Power_Corporation	foundedBy	-1	locationCountry,(-1)locationCountry	4
Planetary_Resources	Ram_Shriram	foundedBy	-1	keyPerson	3
Sacred_Heart_Academy_(New_York)	Sisters_of_St._Joseph	foundedBy	-1	religion	4
Altegrity_Risk_International	William_Bratton	foundedBy	-1	keyPerson	3
Our_Lady_of_Victory_Academy	Sisters_of_Mercy	foundedBy	-1	religion	4
Marist_College_Ashgrove	Marist_Brothers	foundedBy	-1	denomination	4
Kroger	Rodney_McMullen	foundedBy	-1	keyPerson	3
Bain_Capital	David_B._Cohen_(mayor)	foundedBy	-1	location,(-1)birthPlace	3
Mercy_High_School_(San_Francisco)	Sisters_of_Mercy	foundedBy	-1	religion	4
Mount_Saint_Joseph_Academy_(Flourtown,_Pennsylvania)	Ninth_grade	foundedBy	-1	grades	4
Mercy_High_School_(Red_Bluff,_California)	Mixed-sex_education	foundedBy	-1	gender	4
Norma_Precision	Roy_Weatherby	foundedBy	-1	keyPerson	3
McCafé	Jim_Skinner	foundedBy	-1	keyPerson	3
Bloomberg_Philanthropies	Patricia_Harris	foundedBy	-1	keyPerson	3
De_La_Salle_Santiago_Zobel_School	Institute_of_the_Brothers_of_the_Christian_Schools	foundedBy	-1	type	4
St_Patrick's_College,_Gympie	Congregation_of_Christian_Brothers	foundedBy	-1	denomination	4
Zero_Gravity_Corporation	Peter_Diamandis	foundedBy	-1	keyPerson	3
Product_Red	Bono	foundedBy	-1	keyPerson	3
DeSales_High_School_(Louisville,_Kentucky)	Carmelites	foundedBy	-1	religion	4
Hyperion_Books	Michael_Eisner	foundedBy	-1	founder	3
Monsignor_Edward_Pace_High_School	Marist_Brothers	foundedBy	-1	religion	4
Bloomberg_L.P.	Daniel_L._Doctoroff	foundedBy	-1	keyPerson	3
Our_Lady's_Convent_RC_High_School	Hackney_London_Borough_Council	foundedBy	-1	localAuthority	4
Hobbledehoy_Record_Co.	University_of_Melbourne	foundedBy	-1	country,(-1)country	4
Target_Corporation	Gregg_Steinhafel	foundedBy	-1	keyPerson	3
PepsiCo	Indra_Nooyi	foundedBy	-1	keyPerson	3
Friedman's_Inc.	Phillip_Ean_Cohen	foundedBy	-1	keyPerson	3
Aquinas_College,_Southport	Congregation_of_Christian_Brothers	foundedBy	-1	denomination	4
Mercy_High_School_(Farmington_Hills,_Michigan)	Sisters_of_Mercy	foundedBy	-1	religion	4
Cablevision	James_L._Dolan	foundedBy	-1	keyPerson	3
Our_Lady_of_Nazareth_Academy_(Wakefield,_Massachusetts)	Single-sex_education	foundedBy	-1	type	4
Maur_Hill_–_Mount_Academy	Order_of_Saint_Benedict	foundedBy	-1	religion	4
Revelations_Entertainment	Lori_McCreary	foundedBy	-1	keyPerson	3
Academy_of_Notre_Dame	Sisters_of_Notre_Dame_de_Namur	foundedBy	-1	religion	4
Bishop_Donahue_Memorial_High_School	Marist_Brothers	foundedBy	-1	religion	4
St_Paul's_College,_Manly	Congregation_of_Christian_Brothers	foundedBy	-1	denomination	4
Belen_Jesuit_Preparatory_School	Society_of_Jesus	foundedBy	-1	religion	4
Villa_Angela-St._Joseph_High_School	State_school	foundedBy	-1	rival,type	4
Scranton_Preparatory_School	Society_of_Jesus	foundedBy	-1	religion	4
Drudge_Report	Joseph_Curl	foundedBy	-1	keyPerson	3
Villa_Angela-St._Joseph_High_School	Catholic_Church	foundedBy	-1	religion	4
Goldman_Sachs	Gary_Cohn_(businessman)	foundedBy	-1	keyPerson	3
The_Walt_Disney_Studios_(division)	Michael_Eisner	foundedBy	-1	parentCompany,(-1)board	3
Villanova_Preparatory_School	Order_of_Saint_Augustine	foundedBy	-1	religion	4
St._Elizabeth_High_School_(Wilmington,_Delaware)	Order_of_Saint_Benedict	foundedBy	-1	religion	4
The_Pepsi_Bottling_Group	Izze_Beverage_Company	foundedBy	-1	foundedBy,(-1)parentCompany	3
St._Augustine_High_School_(San_Diego)	Order_of_Saint_Augustine	foundedBy	-1	religion	4
St._Bernard's_High_School_(Eureka,_California)	University-preparatory_school	foundedBy	-1	type	4
Mount_Saint_Joseph_Academy_(Flourtown,_Pennsylvania)	Single-sex_education	foundedBy	-1	type	4
Christian_Brothers_College,_St_Kilda	Congregation_of_Christian_Brothers	foundedBy	-1	denomination	4
St._Bernard's_High_School_(Eureka,_California)	Catholic_Church	foundedBy	-1	religion	4
Aeroflex	John_Roach	foundedBy	-1	locationCountry,(-1)stateOfOrigin	3
Academy_of_Mary_Immaculate	Sisters_of_Mercy	foundedBy	-1	denomination	4
Stella_Maris_High_School	Sisters_of_St._Joseph	foundedBy	-1	religion	4
Fantagraphics_Books	Michael_Catron	foundedBy	-1	founder	3
Etna_Iron_Works	John_Roach	foundedBy	-1	owningCompany	3
Notre_Dame_High_School_(Southwark)	Catholic_Church	foundedBy	-1	religion	4
Mercy_High_School_(Red_Bluff,_California)	Catholic_Church	foundedBy	-1	religion	4
Mount_Saint_Joseph_Academy_(Flourtown,_Pennsylvania)	Private_school	foundedBy	-1	type	4
Kynetx	Steven_Hirsch	foundedBy	-1	location,(-1)nationality	3
Disneyland_Paris	Philippe_Gas	foundedBy	-1	keyPerson	3
Immaculata_High_School_(New_Jersey)	Sisters,_Servants_of_the_Immaculate_Heart_of_Mary	foundedBy	-1	religion	4
Kellenberg_Memorial_High_School	Sixth_grade	foundedBy	-1	grades	4
Sutton_High_School_(London)	Girls'_Day_School_Trust	foundedBy	-1	type	4
NationalField	Chris_Hughes	foundedBy	-1	keyPerson	3
Benedictine_High_School_(Cleveland,_Ohio)	Order_of_Saint_Benedict	foundedBy	-1	affiliation	4
St_James_College_(Brisbane)	Congregation_of_Christian_Brothers	foundedBy	-1	denomination	4
Our_Lady_of_Mercy_High_School_(New_York)	Sisters_of_Mercy	foundedBy	-1	religion	4
Christian_Brothers_College,_Fremantle	Congregation_of_Christian_Brothers	foundedBy	-1	denomination	4
SoBe	PepsiCo	foundedBy	-1	parentCompany	3
Disney_Cruise_Line	Michael_Eisner	foundedBy	-1	parentCompany,(-1)board	3
The_Cathedral_College,_Rockhampton	Sisters_of_Mercy	foundedBy	-1	denomination	4
Moreau_Catholic_High_School	Congregation_of_Holy_Cross	foundedBy	-1	religion	4
St._Brendan_High_School	Marist_Brothers	foundedBy	-1	religion	4
Georgia_Tech_Research_Institute	Tom_McDermott_(engineer)	foundedBy	-1	keyPerson	3
Junípero_Serra_High_School_(Gardena,_California)	Society_of_Mary_(Marianists)	foundedBy	-1	religion	4
HDNet_Fights	Andrew_Simon	foundedBy	-1	keyPerson	3
St._Peter's_High_School_for_Girls	Sisters_of_Charity	foundedBy	-1	religion	4
Planetary_Resources	Eric_Schmidt	foundedBy	-1	keyPerson	3
St._Anne_School_(Columbus,_Georgia)	Sisters_of_St._Joseph	foundedBy	-1	superintendent	4
Palma_High_School	Congregation_of_Christian_Brothers	foundedBy	-1	religion	4
Bank_of_Antigua	Allen_Stanford	foundedBy	-1	keyPerson	3
DuMont_Television_Network	Thomas_T._Goldsmith,_Jr.	foundedBy	-1	keyPerson	3
Catholic_Memorial_School	Congregation_of_Christian_Brothers	foundedBy	-1	religion	4
Walsingham_Academy	Sisters_of_Mercy	foundedBy	-1	religion	4
Mount_Carmel_High_School_(Los_Angeles)	Carmelites	foundedBy	-1	religion	4
De_La_Salle_Institute	Servite_Order	foundedBy	-1	president	4
Kellenberg_Memorial_High_School	Catholic_Church	foundedBy	-1	religion	4
Bishop_Kelley_High_School	Institute_of_the_Brothers_of_the_Christian_Schools	foundedBy	-1	type	4
St_Margaret's_Convent,_Midhurst	Independent_school_(United_Kingdom)	foundedBy	-1	type	4
SnagFilms	John_Roach	foundedBy	-1	locationCountry,(-1)stateOfOrigin	3
Drudge_Report	Charles_Hurt	foundedBy	-1	keyPerson	3
Planetary_Resources	Ross_Perot,_Jr.	foundedBy	-1	keyPerson	3
Boston_Properties	Edward_Linde	foundedBy	-1	keyPerson	3
Bunbury_Catholic_College	Sisters_of_Mercy	foundedBy	-1	denomination	4
Mount_St._Mary_Academy	Sisters_of_Mercy	foundedBy	-1	religion	4
Concentric_Hosting	John_Roach	foundedBy	-1	locationCountry,(-1)stateOfOrigin	3
Seton-La_Salle_Catholic_High_School	Mixed-sex_education	foundedBy	-1	type	4
Bergen_Catholic_High_School	Congregation_of_Christian_Brothers	foundedBy	-1	religion	4
Planetary_Resources	Thomas_David_Jones	foundedBy	-1	keyPerson	3
Bloomberg_L.P.	Lanhee_Chen	foundedBy	-1	(-1)occupation	3
Roman_Catholic_High_School	Marist_Brothers	foundedBy	-1	religion,(-1)type	4
Canisius_High_School	Society_of_Jesus	foundedBy	-1	religion	4
Buffalo_Rock	PepsiCo	foundedBy	-1	product	3
Mount_Mercy_Academy_(Buffalo,_New_York)	Catholic_Church	foundedBy	-1	religion	4
Villa_Angela-St._Joseph_High_School	Ninth_grade	foundedBy	-1	grades	4
Central_Catholic_High_School_(Pittsburgh)	Institute_of_the_Brothers_of_the_Christian_Schools	foundedBy	-1	teachingStaff	4
St._Mary_Catholic_Central_High_School	Twelfth_grade	foundedBy	-1	alumni	4
St._Teresa's_College,_Abergowrie	Congregation_of_Christian_Brothers	foundedBy	-1	denomination	4
Johnson_Publishing_Company	Desirée_Rogers	foundedBy	-1	keyPerson	3
Kynetx	Michael_Lynton	foundedBy	-1	location,(-1)nationality	3
St._Mary_Catholic_Central_High_School	Mixed-sex_education	foundedBy	-1	gender	4
Planetary_Resources	Larry_Page	foundedBy	-1	keyPerson	3
Moeller_High_School	Society_of_Mary_(Marianists)	foundedBy	-1	authority	4
Notre_Dame_High_School_for_Girls	Ninth_grade	foundedBy	-1	grades	4
Bloomberg_L.P.	Kevin_Sheekey	foundedBy	-1	(-1)occupation	3
Georgia_Tech_Research_Institute	Stephen_E._Cross	foundedBy	-1	keyPerson	3
Trinity_Catholic_High_School_(Florida)	Congregation_of_Christian_Brothers	foundedBy	-1	religion	4
Archbishop_Riordan_High_School	Society_of_Mary_(Marianists)	foundedBy	-1	religion	4
Oaktree_Capital_Management	John_B._Frank	foundedBy	-1	(-1)knownFor	3
Mind_Dynamics	William_Penn_Patrick	foundedBy	-1	(-1)subsidiary,foundedBy	3
Kellenberg_Memorial_High_School	Private_school	foundedBy	-1	type	4
Swipely	Reid_Hoffman	foundedBy	-1	keyPerson	3
Villa_Angela-St._Joseph_High_School	Mixed-sex_education	foundedBy	-1	type	4
Niche_(company)	Mark_Cuban	foundedBy	-1	locationCity,(-1)birthPlace	3
Cristo_Rey_Kansas_City_High_School	Sisters_of_Charity	foundedBy	-1	religion	4
C40_Cities_Climate_Leadership_Group	Michael_Bloomberg	foundedBy	-1	keyPerson	3
Marist_College_North_Shore	Marist_Brothers	foundedBy	-1	denomination	4
Fontbonne_Hall_Academy	Sisters_of_St._Joseph	foundedBy	-1	religion	4
Aquinas_College,_Perth	Congregation_of_Christian_Brothers	foundedBy	-1	denomination	4
Notre_Dame_High_School_for_Girls	Catholic_Church	foundedBy	-1	denomination	4
Colegio_Nacional_de_Buenos_Aires	Buenos_Aires_English_High_School	foundedBy	-1	country,(-1)country	4
